,Model_Name,fit_time,Score_time,F1_score,Accuracy,Precision,Recall
0,DT,2.2112972736358643,0.40982623100280763,0.9979851931381335,0.9979846659364732,0.9979864485732586,0.9979846659364732
1,LR,0.8595877647399902,0.4784067153930664,0.5185023142133367,0.6550127783862724,0.4290819495317981,0.6550127783862724
2,LDA,0.8347608566284179,0.44641313552856443,0.9412550619427023,0.9444979919678715,0.9415137593906924,0.9444979919678715
3,GNB,0.2274158000946045,0.45060105323791505,0.5801782369176488,0.6375976633807959,0.5375717050571706,0.6375976633807959
4,MLPC,3.1329281330108643,0.45578861236572266,0.5135247506399493,0.6441255932822197,0.4302043625051565,0.6441255932822197
5,SVC,642.5635116577148,162.96601848602296,0.7228107026440721,0.766688572471705,0.7310320129952765,0.766688572471705
6,RF,14.499065971374511,0.7699470043182373,0.9980785074666588,0.9980795910916394,0.9980796184698975,0.9980795910916394
7,KNN,0.1874983787536621,37.243535089492795,0.9070441322621802,0.9074260679079955,0.9069429023519904,0.9074260679079955
