,Model_Name,fit_time,Score_time,F1_score,Accuracy,Precision,Recall
0,DT,9.660997772216797,2.8285509586334228,0.9989369749023946,0.9989359166845404,0.9989391420490717,0.9989359166845404
1,LR,5.892304086685181,3.0304667949676514,0.2411131734786816,0.4121732084554705,0.7162738406078015,0.4121732084554705
2,LDA,3.386896324157715,2.7200947284698485,0.9546449983235062,0.9538345130001668,0.9571998606872463,0.9538345130001668
3,GNB,1.1100672245025636,3.261529016494751,0.7831851721548363,0.7935535378089178,0.7745583760372312,0.7935535378089178
4,MLPC,12.330216121673583,2.800874614715576,0.00047695886940933417,0.012939396105907868,0.560587105390842,0.012939396105907868
5,RF,57.976917028427124,4.709520864486694,0.9984684247084269,0.9984688162817855,0.9984704593181437,0.9984688162817855
6,KNN,0.9264217376708984,843.2669919967651,0.9176856177557694,0.9177950954457712,0.9176396247508203,0.9177950954457712
