,Model_Name,fit_time,Score_time,F1_score,Accuracy,Precision,Recall
0,DT,10.351681788762411,3.114901065826416,0.9989348236865884,0.9989335335192203,0.9989374441704144,0.9989335335192203
1,LR,5.853473663330078,3.259623924891154,0.24142102681200228,0.41247825361645335,0.7198782903394658,0.41247825361645335
2,LDA,3.5244460900624595,2.9112733205159507,0.9547659367774846,0.9539651898985566,0.9573249003044314,0.9539651898985566
3,GNB,1.0493428707122803,3.6722705364227295,0.7833663486394742,0.79371718182757,0.7747416973489888,0.79371718182757
4,MLPC,14.292855262756348,3.1793805758158364,0.00048464729377210424,0.01292271394866662,0.5603558017645187,0.01292271394866662
5,RF,68.55281368891399,5.096375385920207,0.9985181189972115,0.9985184655592892,0.9985198034628281,0.9985184655592892
6,KNN,0.8699888388315836,910.4328620433807,0.9178445576743935,0.9179456320551624,0.9178015562921925,0.9179456320551624
